{
  "products":[
    {
      "id": 1001,
      "title": "모나리자 그림",
      "description": "프랑스 루브르 박물관에 전시된 모나리자 그림을 판매 합니다.",
      "price": 2000,
      "limitDate" : "20221201",
      "limitTime" : "220000",
      "image": "static/image/monna.jpg",
      "availableInventory": 1,
      "remaindTime" : ""
    },
    {
      "id": 1002,
      "title": "람보르기니",
      "description": "꿈만같은 스포츠카를 경매로 저렴하게 구매하세요!",
      "price": 299,
      "limitDate" : "20221210",
      "limitTime" : "000030",
      "image": "static/image/lamborghini.jpg",
      "availableInventory": 1,
      "remaindTime" : ""
    },
    {
      "id": 1003,
      "title": "롤렉스시계",
      "description": "당신의 시간은 금입니다. 금 같은 시간을 시계로 대처하세요!",
      "price": 1100,
      "limitDate" : "20221216",
      "limitTime" : "200000",
      "image": "static/image/rolex.png",
      "availableInventory": 1,
      "remaindTime" : ""
    },
    {
      "id": 1004,
      "title": "로뎅 생각하는 사람 구조물",
      "description": "언제 어디서든 생각 할 수 있는 구조물을 판매합니다.",
      "price": 799,
      "limitDate" : "20221214",
      "limitTime" : "081500",
      "image": "static/image/thinking.jpg",
      "availableInventory": 1,
      "remaindTime" : ""
    },
    {
      "id": 1005,
      "title": "반고흐 별이 빛나는 밤",
      "description": "하늘에 있는 별들을 집에서도 느낄 수 있는 미술 작품을 판매합니다!",
      "price": 4999,
      "limitDate" : "20221231",
      "limitTime" : "170000",
      "image": "static/image/staring.jpg",
      "availableInventory": 1,
      "remaindTime" : ""
    }
  ]
}
